x,y,yDot,yDDot
-2.5,-1.8331025,6.0353537,-174.9173
-2.49,-1.7812502,4.3595724,-160.23933
-2.48,-1.7454219,2.8305702,-145.56136
-2.47,-1.7241496,1.4483479,-130.88338
-2.46,-1.7159657,0.21290514,-116.205414
-2.45,-1.7194023,-0.87575805,-101.527435
-2.44,-1.7329916,-1.8176417,-86.849464
-2.43,-1.7552658,-2.6127458,-72.17149
-2.42,-1.7847571,-3.2610703,-57.49352
-2.41,-1.8199979,-3.762615,-42.815548
-2.4,-1.8595202,-4.11738,-28.137573
-2.39,-1.9018562,-4.325366,-13.459601
-2.38,-1.9455382,-4.386572,1.2183715
-2.37,-1.9890993,-4.300995,15.896694
-2.36,-2.0310698,-4.0686383,30.574667
-2.35,-2.0699828,-3.689502,45.25264
-2.34,-2.1043704,-3.1635861,59.93061
-2.33,-2.132765,-2.490891,74.60858
-2.32,-2.153699,-1.6714159,89.28656
-2.31,-2.165704,-0.70516145,103.96453
-2.3,-2.1673129,0.40787268,118.6425
-2.29,-2.1572964,1.5778211,110.7974
-2.28,-2.1362042,2.6180594,97.25043
-2.27,-2.105387,3.5228279,83.703445
-2.26,-2.0661993,4.2921267,70.15646
-2.25,-2.019996,4.925956,56.60948
-2.24,-1.9681318,5.424315,43.0625
-2.23,-1.9119613,5.7872047,29.51552
-2.22,-1.8528394,6.014625,15.96854
-2.21,-1.7921206,6.1065755,2.4215593
-2.2,-1.7311596,6.063056,-11.125422
-2.19,-1.6712328,5.9177313,-15.0121565
-2.18,-1.612801,5.7691774,-14.698684
-2.17,-1.555839,5.623758,-14.385212
-2.16,-1.5003155,5.4814734,-14.071739
-2.15,-1.4461992,5.3423233,-13.758266
-2.14,-1.3934587,5.2063084,-13.444795
-2.13,-1.3420627,5.0734277,-13.131322
-2.12,-1.2919786,4.943679,-12.8178425
-2.11,-1.2431775,4.817068,-12.50437
-2.1,-1.1956269,4.693592,-12.190898
-2.09,-1.1493115,4.565072,-14.622022
-2.08,-1.1044635,4.3973927,-18.913816
-2.07,-1.0615069,4.1867957,-23.205614
-2.06,-1.0208707,3.9332812,-27.49741
-2.05,-0.98298436,3.6368482,-31.789206
-2.04,-0.9482769,3.2974975,-36.081
-2.03,-0.91717756,2.9152288,-40.3728
-2.02,-0.89011544,2.4900424,-44.664593
-2.01,-0.8675198,2.0219378,-48.95639
-2.0,-0.8498198,1.5109155,-53.248184
-1.99,-0.8374066,0.9800229,-48.226818
-1.98,-0.8297756,0.5703781,-33.702206
-1.97,-0.82551485,0.3059794,-19.177595
-1.96,-0.82317185,0.18682662,-4.6529827
-1.95,-0.8212942,0.21291983,9.87163
-1.94,-0.8184293,0.38425902,24.396242
-1.93,-0.8131248,0.7008488,38.92103
-1.92,-0.80392814,1.1626817,53.44564
-1.91,-0.789387,1.7697606,67.97025
-1.9,-0.7680488,2.5220854,82.494865
-1.89,-0.7385013,3.3890748,81.49358
-1.88,-0.70095074,4.0795746,56.606495
-1.87,-0.65773946,4.5212035,31.719404
-1.86,-0.6113563,4.713962,6.8323145
-1.85,-0.5642899,4.65785,-18.054775
-1.84,-0.51902896,4.352867,-42.941864
-1.83,-0.4780622,3.7990134,-67.82896
-1.82,-0.44387835,2.9962893,-92.71604
-1.81,-0.41896582,1.9446802,-117.60343
-1.8,-0.405814,0.64421177,-142.49052
-1.79,-0.40688512,-0.8784352,-149.15353
-1.78,-0.42250502,-2.183343,-111.82827
-1.77,-0.44930774,-3.1149986,-74.503006
-1.76,-0.48356077,-3.6734018,-37.17775
-1.75,-0.5215315,-3.8585527,0.14751334
-1.74,-0.5594876,-3.6704514,37.472775
-1.73,-0.59369636,-3.109098,74.798035
-1.72,-0.6204253,-2.1744921,112.1233
-1.71,-0.635942,-0.8666342,149.44856
-1.7,-0.63651377,0.81447613,186.77382
-1.69,-0.61841786,2.8538663,208.49574
-1.68,-0.58018684,4.718948,164.51651
-1.67,-0.5255046,6.1442184,120.53781
-1.66,-0.45876858,7.129702,76.55911
-1.65,-0.38437665,7.675399,32.58041
-1.64,-0.3067267,7.7813096,-11.3982935
-1.63,-0.23021656,7.4474335,-55.376995
-1.62,-0.15924412,6.6737704,-99.3557
-1.61,-0.098207235,5.4603214,-143.3344
-1.6,-0.051503755,3.8070853,-187.3131
-1.59,-0.023530597,1.7172153,-224.35605
-1.58,-0.017037619,-0.36475638,-192.0387
-1.57,-0.029748475,-2.123555,-159.72134
-1.56,-0.05843186,-3.5591953,-127.4036
-1.55,-0.099855326,-4.6716437,-95.08625
-1.54,-0.1507874,-5.4609184,-62.768894
-1.53,-0.20799635,-5.92702,-30.451542
-1.52,-0.26825044,-6.0699487,1.8658117
-1.51,-0.32831797,-5.889704,34.183167
-1.5,-0.38496718,-5.3862863,66.50052
-1.49,-0.43496633,-4.559695,98.81787
-1.48,-0.47562316,-3.5734124,98.10514
-1.47,-0.5064695,-2.597611,97.05534
-1.46,-0.52761036,-1.6323075,96.00554
-1.45,-0.5391506,-0.677502,94.955734
-1.44,-0.54119533,0.26680547,93.90594
-1.43,-0.53384936,1.200626,92.85612
-1.42,-0.5172178,2.1239374,91.80632
-1.41,-0.49140567,3.0367506,90.756516
-1.4,-0.45651788,3.939066,89.70671
-1.39,-0.4126594,4.830883,88.65691
-1.38,-0.36026353,5.6014233,62.68183
-1.37,-0.3016001,6.0827875,33.591133
-1.36,-0.23957758,6.2732453,4.5004354
-1.35,-0.177105,6.1727962,-24.590263
-1.34,-0.11709145,5.7814407,-53.68096
-1.33,-0.062445987,5.0991783,-82.77166
-1.32,-0.016077673,4.126009,-111.86236
-1.31,0.019104766,2.8619163,-140.9534
-1.3,0.0401914,1.3069303,-170.0441
-1.29,0.04427366,-0.5389624,-199.1348
-1.28,0.02903366,-2.4506574,-171.08379
-1.27,-0.0033031458,-3.9443188,-127.64879
-1.26,-0.04840481,-5.0036306,-84.2138
-1.25,-0.10192783,-5.628593,-40.77881
-1.24,-0.15952873,-5.819206,2.6561818
-1.23,-0.21686402,-5.5754695,46.09117
-1.22,-0.2695902,-4.8973837,89.52616
-1.21,-0.31336376,-3.7849479,132.96115
-1.2,-0.34384125,-2.238163,176.39615
-1.19,-0.35667914,-0.25702843,219.83113
-1.18,-0.34802493,1.9439487,200.79866
-1.17,-0.31933737,3.7143822,153.28838
-1.16,-0.275321,5.0097136,105.77811
-1.15,-0.22072688,5.829942,58.267838
-1.14,-0.16030596,6.175069,10.757564
-1.13,-0.09880928,6.0450935,-36.75271
-1.12,-0.040987875,5.440016,-84.262985
-1.11,0.008407252,4.3598356,-131.77325
-1.1,0.044625077,2.804553,-179.28352
-1.09,0.06291459,0.7741683,-226.7938
-1.08,0.058810428,-1.5850343,-224.36525
-1.07,0.032370705,-3.6400313,-186.63458
-1.06,-0.012733078,-5.31774,-148.90346
-1.05,-0.07272674,-6.6181197,-111.172775
-1.04,-0.14383766,-7.5411935,-73.4421
-1.03,-0.22229278,-8.086961,-35.71143
-1.02,-0.30431902,-8.255422,2.019245
-1.01,-0.38614336,-8.046576,39.74992
-1.0,-0.4639927,-7.4604235,77.48059
-0.99,-0.534094,-6.4969654,115.211266
-0.98,-0.59278077,-5.222126,125.74749
-0.97,-0.63902056,-4.0564427,107.38944
-0.96,-0.6745216,-3.0743341,89.03129
-0.95,-0.70111936,-2.2758121,70.67324
-0.94,-0.7206498,-1.6608707,52.315193
-0.93,-0.7349487,-1.2295094,33.957146
-0.92,-0.7458519,-0.9817284,15.599097
-0.91,-0.75519514,-0.91752774,-2.7589502
-0.9,-0.7648144,-1.0369086,-21.117107
-0.89,-0.7765453,-1.3398696,-39.475155
-0.88,-0.7922038,-1.8108412,-49.720528
-0.87,-0.8127519,-2.2941582,-46.942974
-0.86,-0.83799434,-2.7496998,-44.16542
-0.85,-0.86765325,-3.1774657,-41.387863
-0.84,-0.9014512,-3.5774586,-38.610294
-0.83,-0.93911,-3.9496734,-35.832737
-0.82,-0.980352,-4.2941127,-33.055183
-0.81,-1.0248996,-4.6107764,-30.277628
-0.8,-1.0724748,-4.8996644,-27.500072
-0.79,-1.1228001,-5.160777,-24.722519
-0.78,-1.1755949,-5.3908043,-19.60322
-0.77,-1.2302988,-5.5315504,-8.546076
-0.76,-1.2858572,-5.5617256,2.5110674
-0.75,-1.3411646,-5.4813294,13.568211
-0.74,-1.3951151,-5.2903614,24.625355
-0.73,-1.4466032,-4.9888225,35.6825
-0.72,-1.4945229,-4.576712,46.73964
-0.71,-1.537769,-4.054027,57.796852
-0.7,-1.5752351,-3.4207737,68.854
-0.69,-1.6058159,-2.6769488,79.91114
-0.68,-1.628408,-1.8266678,86.44139
-0.67,-1.6425833,-1.0314586,72.60059
-0.66,-1.6494985,-0.37465736,58.75979
-0.65,-1.6505377,0.14373869,44.918903
-0.64,-1.6470851,0.5237233,31.078098
-0.63,-1.6405246,0.76530004,17.237295
-0.62,-1.6322404,0.8684689,3.396491
-0.61,-1.6236167,0.83322984,-10.444312
-0.6,-1.6160372,0.65958285,-24.285116
-0.59,-1.6108863,0.3475257,-38.126003
-0.58,-1.6095479,-0.10222592,-50.204643
-0.57,-1.6129476,-0.5644444,-42.239143
-0.56,-1.6205713,-0.947008,-34.273647
-0.55,-1.6316222,-1.2499167,-26.30815
-0.54,-1.645304,-1.4731705,-18.342651
-0.53,-1.6608201,-1.61677,-10.377106
-0.52,-1.677374,-1.6807134,-2.4116077
-0.51,-1.6941689,-1.6650021,5.55389
-0.5,-1.7104084,-1.5696357,13.519388
-0.49,-1.725296,-1.3946146,21.484886
-0.48,-1.7380352,-1.1399376,29.450407
-0.47,-1.7478944,-0.82553643,33.34771
-0.46,-1.7544188,-0.4729925,37.161137
-0.45,-1.7572272,-0.08231319,40.97457
-0.44,-1.755938,0.34649926,44.788
-0.43,-1.7501701,0.8134459,48.601425
-0.42,-1.7395419,1.3185284,52.414864
-0.41,-1.7236724,1.8617436,56.228287
-0.4,-1.70218,2.443093,60.041714
-0.39,-1.6746833,3.0625787,63.855152
-0.38,-1.6408013,3.7201967,67.66858
-0.37,-1.6003786,4.338692,53.89939
-0.36,-1.5545667,4.796714,37.705025
-0.35,-1.5049841,5.0927925,21.51061
-0.34,-1.4532506,5.226927,5.316245
-0.33,-1.4009856,5.199117,-10.878121
-0.32,-1.3498081,5.0093637,-27.072536
-0.31,-1.3013381,4.6576667,-43.266903
-0.3,-1.2571946,4.1440263,-59.46127
-0.29,-1.2189972,3.4684403,-75.655685
-0.28,-1.1883656,2.6309125,-91.85005
-0.27,-1.1666155,1.7484921,-77.94552
-0.26,-1.1526527,1.0815572,-55.441223
-0.25,-1.1442341,0.6396665,-32.936993
-0.24,-1.1391093,0.42281777,-10.432728
-0.23,-1.1350276,0.43101162,12.071503
-0.22,-1.1297388,0.6642481,34.575768
-0.21,-1.1209925,1.1225274,57.08003
-0.2,-1.1065382,1.8058481,79.58426
-0.19,-1.0841254,2.7142124,102.088524
-0.18,-1.0515038,3.8476179,124.59275
-0.17,-1.0066231,5.117273,120.856255
-0.16,-0.9496788,6.244489,104.58683
-0.15,-0.88227576,7.209009,88.31742
-0.14,-0.80604094,8.010837,72.04799
-0.13,-0.7226013,8.64997,55.77856
-0.12,-0.63358384,9.126409,39.509144
-0.11,-0.54061544,9.440152,23.239725
-0.1,-0.44532314,9.591203,6.9703074
-0.09,-0.34933376,9.579558,-9.29911
-0.08,-0.25427425,9.40522,-25.56854
-0.07,-0.16173196,9.088865,-34.65546
-0.06,-0.07263931,8.723337,-38.450012
-0.05,0.012608307,8.319864,-42.244564
-0.04,0.0936315,7.878446,-46.039116
-0.03,0.17005076,7.399082,-49.83367
-0.02,0.24148665,6.881773,-53.628223
-0.01,0.30755973,6.3265176,-57.422775
0.0,0.3678905,5.7333174,-61.217327
0.01,0.4220996,5.1021714,-65.01188
0.02,0.46980745,4.4330797,-68.806435
0.03,0.51065344,3.737872,-67.61759
0.04,0.54476297,3.095208,-60.915203
0.05,0.57278097,2.5195677,-54.212814
0.06,0.59537774,2.0109515,-47.510426
0.07,0.61322343,1.5693592,-40.808037
0.08,0.6269883,1.1947908,-34.105648
0.09,0.63734263,0.8872462,-27.403255
0.1,0.64495665,0.64672565,-20.700869
0.11,0.6505006,0.47322893,-13.998482
0.12,0.65464467,0.36675608,-7.296094
0.13,0.6580528,0.32225314,-3.2982457
0.14,0.6611015,0.28660023,-3.8323355
0.15,0.66376704,0.2456064,-4.366425
0.16,0.66599584,0.19927174,-4.900514
0.17,0.6677346,0.14759612,-5.434604
0.18,0.66893,0.09057961,-5.9686937
0.19,0.6695284,0.02822228,-6.502783
0.2,0.6694766,-0.039476037,-7.036873
0.21,0.66872114,-0.11251514,-7.570962
0.22,0.6672085,-0.19089524,-8.105052
0.23,0.66489136,-0.26805103,-3.8246405
0.24,0.66230494,-0.22070229,13.294396
0.25,0.661048,-0.0021628896,30.41346
0.26,0.6628323,0.3875665,47.532497
0.27,0.66936994,0.94848806,64.65158
0.28,0.6823727,1.6805984,81.77062
0.29,0.70355254,2.583899,98.889656
0.3,0.7346214,3.6583931,116.00874
0.31,0.777291,4.9040747,133.12778
0.32,0.8332734,6.320946,150.24683
0.33,0.9042754,7.89982,156.6584
0.34,0.9903525,9.240223,111.42252
0.35,1.0875719,10.128268,66.18664
0.36,1.1914102,10.563955,20.95062
0.37,1.2973433,10.547282,-24.285263
0.38,1.4008478,10.078251,-69.52115
0.39,1.4974002,9.15686,-114.75703
0.4,1.5824771,7.7831073,-159.99304
0.41,1.6515546,5.9569993,-205.22893
0.42,1.7001091,3.6785326,-250.46481
0.43,1.7236179,0.9500877,-288.94382
0.44,1.7195103,-1.6877164,-238.61748
0.45,1.6915412,-3.8222573,-188.29112
0.46,1.6447427,-5.4535394,-137.96463
0.47,1.5841479,-6.581553,-87.638275
0.48,1.5147892,-7.206303,-37.31192
0.49,1.4416993,-7.3277903,13.014581
0.5,1.369911,-6.946013,63.34093
0.51,1.3044567,-6.0609727,113.66728
0.52,1.2503692,-4.6726694,163.99364
0.53,1.2126809,-2.7811031,214.31999
0.54,1.195155,-0.7790535,183.63274
0.55,1.1959925,0.8911775,150.41377
0.56,1.2118713,2.229219,117.1948
0.57,1.2394695,3.2350712,83.97583
0.58,1.2754654,3.908734,50.756863
0.59,1.3165368,4.2502074,17.537893
0.6,1.3593624,4.2594905,-15.681274
0.61,1.4006195,3.9365833,-48.90024
0.62,1.4369867,3.2814867,-82.11921
0.63,1.4651419,2.2942007,-115.33818
0.64,1.4822904,1.1567698,-106.64452
0.65,1.4887764,0.16547213,-91.6152
0.66,1.4861008,-0.67553693,-76.58578
0.67,1.4757667,-1.3662474,-61.556454
0.68,1.4592769,-1.9066648,-46.52713
0.69,1.4381344,-2.2967892,-31.497803
0.7,1.4138421,-2.5366204,-16.468477
0.71,1.387903,-2.6261585,-1.4391527
0.72,1.3618199,-2.5654025,13.590262
0.73,1.3370959,-2.3543534,28.619587
0.74,1.3150904,-2.0490384,29.052412
0.75,1.2959863,-1.778437,25.067915
0.76,1.2793889,-1.5476806,21.083418
0.77,1.2648998,-1.3567691,17.098923
0.78,1.2521207,-1.2057024,13.114426
0.79,1.2406529,-1.0944803,9.129906
0.8,1.2300982,-1.0231037,5.1454096
0.81,1.2200581,-0.99157214,1.1609129
0.82,1.210134,-0.9998855,-2.8235836
0.83,1.1999276,-1.0480437,-6.8080797
0.84,1.1890075,-1.1508117,-15.222005
0.85,1.1765611,-1.3561764,-25.850727
0.86,1.1615297,-1.6678265,-36.479385
0.87,1.1428503,-2.0857635,-47.108044
0.88,1.1194601,-2.6099865,-57.736702
0.89,1.0902963,-3.2404962,-68.365364
0.9,1.054296,-3.9772925,-78.99402
0.91,1.010396,-4.8203807,-89.62274
0.92,0.95753396,-5.76975,-100.251396
0.93,0.89464676,-6.8254066,-110.88006
0.94,0.8207973,-7.920697,-97.94249
0.95,0.7372105,-8.744956,-66.90944
0.96,0.6469328,-9.258885,-35.876396
0.97,0.55306685,-9.462483,-4.8431673
0.98,0.4587172,-9.35575,26.189878
0.99,0.36698648,-8.938686,57.222923
1.0,0.28097805,-8.211293,88.25597
1.01,0.20379521,-7.173569,119.28902
1.02,0.13854124,-5.825515,150.32205
1.03,0.08831945,-4.167131,181.3551
1.04,0.056139275,-2.2590196,186.30222
1.05,0.042445716,-0.5215431,161.1934
1.06,0.044871468,0.96484554,136.0846
1.07,0.06090591,2.2001595,110.97549
1.08,0.08803777,3.1843693,85.86667
1.09,0.12375628,3.9174912,60.75786
1.1,0.16555056,4.399525,35.649048
1.11,0.21090974,4.6304717,10.540234
1.12,0.25732294,4.6103296,-14.56858
1.13,0.3022793,4.3391004,-39.67739
1.14,0.34329063,3.835537,-54.47128
1.15,0.3789767,3.3071113,-51.213966
1.16,0.40954137,2.8112588,-47.95665
1.17,0.4353104,2.3479793,-44.699333
1.18,0.4566095,1.9172729,-41.44202
1.19,0.47376457,1.5191351,-38.184666
1.2,0.487101,1.1535754,-34.92735
1.21,0.49694464,0.82058877,-31.670034
1.22,0.50362134,0.5201753,-28.41272
1.23,0.5074567,0.25233495,-25.155403
1.24,0.5087734,0.013417703,-24.677696
1.25,0.50755155,-0.2699916,-32.00422
1.26,0.50312936,-0.62666607,-39.330746
1.27,0.49477404,-1.0566058,-46.65727
1.28,0.48175302,-1.5598106,-53.983795
1.29,0.46333364,-2.1362805,-61.310318
1.3,0.43878326,-2.7860157,-68.63684
1.31,0.40736917,-3.5090163,-75.96337
1.32,0.36835825,-4.3052917,-83.28998
1.33,0.3210188,-5.1748233,-90.61651
1.34,0.26461998,-6.1133237,-92.6266
1.35,0.19928162,-6.9117484,-67.058464
1.36,0.12723742,-7.4544916,-41.490322
1.37,0.051044196,-7.7415543,-15.922178
1.38,-0.026741244,-7.772935,9.645964
1.39,-0.10356209,-7.548635,35.214108
1.4,-0.17686152,-7.0686536,60.78225
1.41,-0.24408276,-6.332991,86.35039
1.42,-0.30266896,-5.3416476,111.91853
1.43,-0.35006332,-4.0946226,137.48668
1.44,-0.38370952,-2.5926735,160.49332
1.45,-0.4018899,-1.0712299,143.79568
1.46,-0.4056907,0.2832375,127.09806
1.47,-0.39678174,1.4707289,110.40044
1.48,-0.37683272,2.491244,93.70281
1.49,-0.34751347,3.3447833,77.00518
1.5,-0.3104937,4.0313463,60.307556
1.51,-0.2674432,4.5509334,43.60993
1.52,-0.22003172,4.903544,26.912304
1.53,-0.16992901,5.0891786,10.214677
1.54,-0.118804835,5.107837,-6.48295
1.55,-0.06806454,5.042185,-5.9514
1.56,-0.017919358,4.988956,-4.694339
1.57,0.03175698,4.9482975,-3.4372623
1.58,0.081089,4.9202104,-2.180201
1.59,0.130203,4.9046936,-0.92313963
1.6,0.17922468,4.9017477,0.33392167
1.61,0.22827975,4.911372,1.590983
1.62,0.27749392,4.933567,2.8480444
1.63,0.3269929,4.968333,4.105106
1.64,0.3769024,5.0156693,5.362167
1.65,0.4272331,5.035395,-2.7405713
1.66,0.47728923,4.959768,-12.384943
1.67,0.5261069,4.787697,-22.029316
1.68,0.5727216,4.5191817,-31.673687
1.69,0.61616945,4.1542187,-41.318176
1.7,0.655485,3.6928155,-50.962547
1.71,0.68970424,3.1349685,-60.60692
1.72,0.7178628,2.4806783,-70.25129
1.73,0.73899627,1.7299441,-79.89566
1.74,0.75214016,0.8827665,-89.54004
1.75,0.75658405,0.039717663,-72.63326
1.76,0.753773,-0.55959886,-47.230156
1.77,0.7462389,-0.9048845,-21.827047
1.78,0.7365221,-0.9961394,3.5760596
1.79,0.72716284,-0.8333634,28.979166
1.8,0.7207016,-0.4165566,54.382275
1.81,0.7196785,0.25428104,79.78538
1.82,0.7266341,1.179162,105.18879
1.83,0.7441085,2.3580644,130.5919
1.84,0.7746421,3.7909975,155.99501
1.85,0.8204712,5.339088,139.09526
1.86,0.88016635,6.534904,100.06817
1.87,0.94986826,7.3404493,61.04108
1.88,1.0256743,7.7557244,22.013988
1.89,1.1036817,7.780729,-17.013103
1.9,1.1799878,7.4154625,-56.040195
1.91,1.25069,6.659926,-95.06728
1.92,1.3118854,5.5141187,-134.09438
1.93,1.3596714,3.978041,-173.12148
1.94,1.3901454,2.0516675,-212.14903
1.95,1.3996416,-0.13676378,-205.02725
1.96,1.3887566,-1.9668343,-160.98718
1.97,1.3617729,-3.3565044,-116.94712
1.98,1.3230946,-4.3057747,-72.90705
1.99,1.2771255,-4.8146443,-28.866987
2.0,1.2282698,-4.883114,15.17308
2.01,1.1809313,-4.511183,59.213146
2.02,1.1395142,-3.6988518,103.25321
2.03,1.1084224,-2.4461205,147.29329
2.04,1.0920599,-0.752989,191.33334
2.05,1.0947104,1.3011632,200.44601
2.06,1.1171975,3.1416166,167.64505
2.07,1.1564492,4.654061,134.84409
2.08,1.2091854,5.8384957,102.04311
2.09,1.2721257,6.694921,69.24215
2.1,1.3419902,7.223337,36.441185
2.11,1.415499,7.423744,3.6402192
2.12,1.4893717,7.2961416,-29.160746
2.13,1.5603299,6.840515,-61.962494
2.14,1.6250902,6.056886,-94.76346
2.15,1.6804048,4.9712768,-112.83977
2.16,1.724623,3.8871183,-103.99215
2.17,1.758442,2.8914359,-95.14453
2.18,1.7827466,1.9842296,-86.29691
2.19,1.7984215,1.1654993,-77.449295
2.2,1.8063515,0.43524513,-68.60168
2.21,1.8074213,-0.20653294,-59.75406
2.22,1.8025157,-0.7598349,-50.90644
2.23,1.7925196,-1.2246608,-42.058823
2.24,1.7783175,-1.6010106,-33.211205
2.25,1.7607956,-1.8872701,-23.085138
2.26,1.7410005,-2.04857,-9.174867
2.27,1.7202879,-2.0707672,4.7354045
2.28,1.7000489,-1.953862,18.645676
2.29,1.6816745,-1.697854,32.555946
2.3,1.6665555,-1.3027436,46.466217
2.31,1.6560832,-0.76853055,60.376488
2.32,1.6516486,-0.095214956,74.28676
2.33,1.6546427,0.71720326,88.19703
2.34,1.6664563,1.668724,102.1073
2.35,1.6884778,2.7534437,108.22441
2.36,1.7207979,3.6480482,70.69662
2.37,1.7601877,4.1673746,33.168823
2.38,1.8028954,4.311423,-4.3598647
2.39,1.8451662,4.0801854,-41.887657
2.4,1.8832482,3.4736705,-79.41545
2.41,1.9133886,2.491878,-116.943245
2.42,1.9318348,1.1348078,-154.47104
2.43,1.9348339,-0.59753984,-191.99884
2.44,1.9186331,-2.7051651,-229.52663
2.45,1.8794799,-5.186883,-262.3621
2.46,1.8154159,-7.533645,-206.99081
2.47,1.7306528,-9.326695,-151.61952
2.48,1.6307278,-10.566033,-96.24824
2.49,1.521178,-11.251658,-40.87695
2.5,1.4075406,-11.383571,14.49434
2.51,1.2953526,-10.961772,69.86563
2.52,1.1901511,-9.986259,125.236916
2.53,1.0974733,-8.457036,180.6082
2.54,1.0228562,-6.3740993,235.97949
2.55,0.9718371,-3.7374504,291.35077
2.56,0.9484133,-1.0335608,244.2519
2.57,0.9494145,1.1462065,191.70195
2.58,0.9695858,2.8004744,139.15198
2.59,1.0036722,3.9292433,86.60202
2.6,1.0464189,4.532513,34.052055
2.61,1.0925708,4.610284,-18.497908
2.62,1.1368729,4.162555,-71.047874
2.63,1.1740708,3.1892984,-123.59908
2.64,1.1989081,1.6905591,-176.14905
2.65,1.2061304,-0.33367926,-228.699
2.66,1.1913497,-2.576884,-208.99556
2.67,1.1556747,-4.5038133,-176.39066
2.68,1.1023605,-6.104694,-143.78575
2.69,1.0346677,-7.3795257,-111.18085
2.7,0.9558569,-8.328309,-78.57594
2.71,0.86918855,-8.951043,-45.971043
2.72,0.77792305,-9.247728,-13.366139
2.73,0.685321,-9.218366,19.238764
2.74,0.59464276,-8.862954,51.84367
2.75,0.5091489,-8.181493,84.44857
2.76,0.43182576,-7.2839932,87.61851
2.77,0.3632539,-6.441681,80.84418
2.78,0.30276644,-5.6671114,74.06985
2.79,0.24968597,-4.960285,67.295525
2.8,0.20333503,-4.3212023,60.521194
2.81,0.1630362,-3.7498624,53.746864
2.82,0.12811205,-3.246266,46.972538
2.83,0.09788514,-2.8104126,40.19821
2.84,0.07167804,-2.4423025,33.423885
2.85,0.048813324,-2.1419356,26.649555
2.86,0.028582845,-1.9235655,15.465399
2.87,0.009893878,-1.836891,1.8695117
2.88,-0.008608587,-1.8861781,-11.7267
2.89,-0.028283281,-2.0714245,-25.322586
2.9,-0.05049023,-2.3926294,-38.918472
2.91,-0.07658902,-2.8497932,-52.514362
2.92,-0.107939236,-3.4429157,-66.110245
2.93,-0.14590046,-4.171997,-79.70614
2.94,-0.19183229,-5.037037,-93.302025
2.95,-0.2470943,-6.0380354,-106.89791
2.96,-0.31294057,-7.1169558,-99.213615
2.97,-0.38864708,-7.9820037,-73.79615
2.98,-0.47173324,-8.592877,-48.378677
2.99,-0.5596572,-8.949576,-22.961212
3.0,-0.6498773,-9.052101,2.4562566
3.01,-0.73985183,-8.900452,27.873724
3.02,-0.82703894,-8.494627,53.29119
3.03,-0.908897,-7.8346286,78.708664
3.04,-0.9828841,-6.9204555,104.12613
3.05,-1.0464587,-5.7521076,129.5436
3.06,-1.0971282,-4.362843,139.9951
3.07,-1.1338944,-3.0041752,131.73875
3.08,-1.1574868,-1.7280705,123.48241
3.09,-1.168731,-0.5345294,115.22606
3.1,-1.1684526,0.57644844,106.96971
3.11,-1.1574773,1.6048628,98.71336
3.12,-1.1366307,2.5507138,90.457016
3.13,-1.1067375,3.414021,82.20047
3.14,-1.0686249,4.194743,73.94412
3.15,-1.0231179,4.892902,65.687775
3.16,-0.9710577,5.494896,49.510777
3.17,-0.91415524,5.8334093,18.191961
3.18,-0.8554336,5.8587346,-13.126853
3.19,-0.7980246,5.5708723,-44.445667
3.2,-0.7450602,4.9698224,-75.76448
3.21,-0.6996722,4.0555844,-107.0833
3.22,-0.6649926,2.8281584,-138.40211
3.23,-0.64415306,1.2875446,-169.72093
3.24,-0.6402857,-0.56625694,-201.03975
3.25,-0.65652215,-2.7332463,-232.35855
3.26,-0.6959753,-5.1896915,-244.0984
3.27,-0.75925297,-7.38345,-194.6537
3.28,-0.841996,-9.082762,-145.20901
3.29,-0.9392599,-10.287627,-95.76432
3.3,-1.0461003,-10.998047,-46.31963
3.31,-1.1575725,-11.214019,3.1250646
3.32,-1.2687322,-10.935545,52.569756
3.33,-1.374635,-10.162625,102.01445
3.34,-1.4703364,-8.895258,151.45914
3.35,-1.5508919,-7.1334453,200.90384
3.36,-1.6113605,-4.884844,239.51677
3.37,-1.6486858,-2.6254628,212.35983
3.38,-1.6647751,-0.63760686,185.20227
3.39,-1.6623437,1.0786295,158.04533
3.4,-1.6441078,2.5232968,130.88841
3.41,-1.6127831,3.6963952,103.731476
3.42,-1.5710852,4.597924,76.57455
3.43,-1.52173,5.227885,49.41762
3.44,-1.4674329,5.586276,22.26069
3.45,-1.4109098,5.673098,-4.896238
3.46,-1.3548763,5.4885435,-31.101496
3.47,-1.301606,5.159502,-34.706818
3.48,-1.2518065,4.794408,-38.312138
3.49,-1.2058381,4.39326,-41.91746
3.5,-1.1640615,3.9560595,-45.52278
3.51,-1.1268371,3.4828055,-49.1281
3.52,-1.0945257,2.9734983,-52.733425
3.53,-1.0674875,2.428138,-56.338745
3.54,-1.0460831,1.8467244,-59.94407
3.55,-1.0306731,1.2292577,-63.54939
3.56,-1.0216181,0.57573783,-67.15471
3.57,-1.0189964,-0.02371294,-51.57258
3.58,-1.0215318,-0.45533752,-34.75242
3.59,-1.0275425,-0.71876067,-17.932262
3.6,-1.0353464,-0.8139824,-1.1121035
3.61,-1.0432614,-0.74100274,15.708055
3.62,-1.0496057,-0.4998216,32.528214
3.63,-1.0526972,-0.090427324,49.34877
3.64,-1.0508537,0.48716062,66.16893
3.65,-1.0423933,1.23295,82.98909
3.66,-1.025634,2.1469407,99.80925
3.67,-0.999283,3.0898879,83.412186
3.68,-0.9645936,3.8100092,60.612206
3.69,-0.9238429,4.3021307,37.812225
3.7,-0.879311,4.5662527,15.012243
3.71,-0.83327794,4.6023755,-7.7877383
3.72,-0.78802365,4.410498,-30.587719
3.73,-0.7458281,3.9906216,-53.3877
3.74,-0.70897126,3.3427453,-76.18768
3.75,-0.6797332,2.4668694,-98.98766
3.76,-0.66039395,1.362994,-121.78764
3.77,-0.6529381,0.15123399,-112.00838
3.78,-0.65666986,-0.86193424,-90.625465
3.79,-0.66946405,-1.6612736,-69.24255
3.8,-0.6891825,-2.246784,-47.859642
3.81,-0.71368694,-2.6184654,-26.476732
3.82,-0.740839,-2.776318,-5.0938215
3.83,-0.76850045,-2.720342,16.28909
3.84,-0.794533,-2.4505367,37.672
3.85,-0.8167984,-1.9669026,59.05491
3.86,-0.83315825,-1.2694396,80.43782
3.87,-0.84157807,-0.40701312,86.462746
3.88,-0.8413708,0.44387612,83.711205
3.89,-0.83279234,1.26723,80.95973
3.9,-0.81611794,2.063069,78.20826
3.91,-0.7916227,2.8313937,75.45678
3.92,-0.75958186,3.5722034,72.70531
3.93,-0.72027045,4.285498,69.95383
3.94,-0.67396367,4.9712787,67.202354
3.95,-0.6209367,5.6295443,64.45088
3.96,-0.5614646,6.260295,61.699406
3.97,-0.49584672,6.850014,53.89829
3.98,-0.42485482,7.328078,41.714523
3.99,-0.34969145,7.6843038,29.530756
4.0,-0.271575,7.9186926,17.34699
4.01,-0.19172195,8.031244,5.162934
4.02,-0.11135641,8.021956,-7.0205417
4.03,-0.031689122,7.890828,-19.204597
4.04,0.046053976,7.6378713,-31.388075
4.05,0.12066188,7.2630615,-43.572132
4.06,0.19090915,6.766435,-55.755608
4.07,0.25559214,6.1535187,-65.37306
4.08,0.31375274,5.4684315,-71.64776
4.09,0.36475116,4.720562,-77.92276
4.1,0.40795508,3.909981,-84.19746
4.11,0.44274116,3.0366116,-90.47245
4.12,0.46847853,2.1005366,-96.747154
4.13,0.48454222,1.1016673,-103.02215
4.14,0.4903032,0.040098585,-109.29685
4.15,0.4851345,-1.0842706,-115.571846
4.16,0.46840918,-2.2713332,-121.84655
4.17,0.4395208,-3.5008001,-115.880585
4.18,0.39922735,-4.507349,-85.434135
4.19,0.3503884,-5.209467,-54.98624
4.2,0.2960533,-5.607087,-24.539797
4.21,0.23926157,-5.700248,5.908099
4.22,0.18306331,-5.48894,36.35454
4.23,0.13049795,-4.973143,66.80244
4.24,0.084615126,-4.152907,97.248886
4.25,0.048455264,-3.0281527,127.69678
4.26,0.025065662,-1.5989127,158.14467
4.27,0.017477578,0.117148615,173.46153
4.28,0.026744587,1.6784141,138.78441
4.29,0.049889293,2.8928506,104.10894
4.3,0.08344617,3.7605743,69.431816
4.31,0.123944506,4.2815022,34.756348
4.32,0.16792043,4.455684,0.07922575
4.33,0.21190223,4.2831035,-34.596245
4.34,0.2524264,3.7637434,-69.27337
4.35,0.28602147,2.8976538,-103.94884
4.36,0.30922303,1.6847521,-138.62596
4.37,0.31856325,0.12968351,-166.40181
4.38,0.31183752,-1.4450113,-148.52992
4.39,0.29025948,-2.8409207,-130.65889
4.4,0.25561425,-4.058178,-112.787
4.41,0.20969225,-5.0966673,-94.91597
4.42,0.15427628,-5.956487,-77.04408
4.43,0.09115871,-6.6375556,-59.173046
4.44,0.02212072,-7.1399384,-41.30116
4.45,-0.051044013,-7.463587,-23.430122
4.46,-0.12655526,-7.608532,-5.558235
4.47,-0.20261876,-7.574782,12.167932
4.48,-0.27754176,-7.387659,25.255749
4.49,-0.34993568,-7.0696735,38.34294
4.5,-0.41849867,-6.620795,51.430756
4.51,-0.48191833,-6.0410347,64.51857
4.52,-0.53888327,-5.330431,77.60577
4.53,-0.58809024,-4.488915,90.69358
4.54,-0.6282257,-3.5165672,103.78077
4.55,-0.65798473,-2.413295,116.86859
4.56,-0.67605585,-1.1792039,129.95578
4.57,-0.68113196,0.18582429,143.0436
4.58,-0.67263895,1.4443396,105.05508
4.59,-0.65364015,2.2855306,63.17927
4.6,-0.6283245,2.7079437,21.305464
4.61,-0.60087705,2.7116194,-20.57034
4.62,-0.57548785,2.2965574,-62.444145
4.63,-0.55634207,1.4627178,-104.319954
4.64,-0.5476289,0.21018027,-146.19376
4.65,-0.553535,-1.4611746,-188.06956
4.66,-0.57824725,-3.5511875,-229.94337
4.67,-0.62595564,-6.0600576,-271.81918
4.68,-0.699831,-8.621064,-225.19937
4.69,-0.79622126,-10.548259,-160.23067
4.7,-0.90862966,-11.825706,-95.26507
4.71,-1.03057,-12.453527,-30.296364
4.72,-1.1555343,-12.4316635,34.66924
4.73,-1.2770374,-11.760112,99.63794
4.74,-1.3885711,-10.438937,164.60355
4.75,-1.4836495,-8.468014,229.57225
4.76,-1.5557696,-5.847388,294.54095
4.77,-1.598433,-2.5772312,359.50656
4.78,-1.6060368,0.97572106,323.54037
4.79,-1.5813338,3.8419917,249.72795
4.8,-1.5316563,5.97024,175.91202
4.81,-1.4643903,7.360264,102.099594
4.82,-1.3869112,8.012195,28.283659
4.83,-1.3066071,7.9259715,-45.52876
4.84,-1.2308525,7.1015854,-119.344696
4.85,-1.1670355,5.539115,-193.15712
4.86,-1.1225317,3.2384117,-266.97305
4.87,-1.1047266,0.19969442,-340.78546
4.88,-1.120411,-3.2952657,-324.5256
4.89,-1.1684216,-6.190389,-254.51346
4.9,-1.2418861,-8.385497,-184.498
4.91,-1.3337967,-9.880379,-114.48588
4.92,-1.4371604,-10.675179,-44.470413
4.93,-1.5449661,-10.76982,25.541712
4.94,-1.6502227,-10.164311,95.557175
4.95,-1.7459188,-8.858711,165.5693
4.96,-1.825062,-6.8528953,235.58476
4.97,-1.8806438,-4.147054,305.5969
4.98,-1.905984,-0.9215448,306.84003
4.99,-1.9008733,1.8422062,245.9239
5.0,-1.8711694,3.9968994,185.00488
5.01,-1.8229642,5.5423884,124.08587
5.02,-1.762353,6.4786434,63.169758
5.03,-1.6954217,6.8057537,2.2507396
5.04,-1.6282686,6.5236874,-58.66537
5.05,-1.5669789,5.632418,-119.58439
5.06,-1.5176504,4.132031,-180.5005
5.07,-1.4863698,2.0223825,-241.41951
5.08,-1.4790999,-0.6028037,-258.24585
5.09,-1.4973241,-2.9702604,-215.23468
5.1,-1.5370704,-4.9075136,-172.22557
5.11,-1.5940413,-6.414748,-129.2144
5.12,-1.6639309,-7.49182,-86.20529
5.13,-1.7424444,-8.138832,-43.194134
5.14,-1.8252735,-8.355722,-0.18502288
5.15,-1.908125,-8.142511,42.826138
5.16,-1.9866902,-7.499221,85.83525
5.17,-2.0566752,-6.425788,128.8464
5.18,-2.113802,-4.9493933,155.10014
5.19,-2.1556888,-3.4425063,146.2704
5.2,-2.182947,-2.0239842,137.44107
5.21,-2.1964622,-0.6936916,128.61133
5.22,-2.1971157,0.54824436,119.78201
5.23,-2.185791,1.7019422,110.95227
5.24,-2.1633718,2.7672918,102.12295
5.25,-2.130739,3.744395,93.293205
5.26,-2.0887764,4.6331987,84.46346
5.27,-2.03837,5.4336667,75.63414
5.28,-1.980398,6.1446333,65.68634
5.29,-1.9159001,6.732182,51.82633
5.3,-1.8462163,7.1811523,37.96566
5.31,-1.7727394,7.4915013,24.10565
5.32,-1.6968484,7.6632586,10.244981
5.33,-1.6199365,7.6964073,-3.6150284
5.34,-1.5433824,7.5909514,-17.475698
5.35,-1.4685795,7.3469005,-31.335707
5.36,-1.3969066,6.964231,-45.196377
5.37,-1.3297567,6.4429803,-59.056385
5.38,-1.2685089,5.7845993,-70.44
5.39,-1.2140766,5.113082,-63.866783
5.4,-1.1660285,4.507268,-57.29325
5.41,-1.123712,3.967215,-50.72003
5.42,-1.0864655,3.4928715,-44.146496
5.43,-1.0536352,3.0842829,-37.573277
5.44,-1.0245609,2.7414098,-30.999743
5.45,-0.99858785,2.4642854,-24.426523
5.46,-0.97505623,2.252883,-17.85299
5.47,-0.953311,2.1072228,-11.279769
5.48,-0.93269277,2.0272772,-4.8428082
5.49,-0.9126657,1.9779186,-5.02914
5.5,-0.8931407,1.9266944,-5.2154813
5.51,-0.87413716,1.8736066,-5.401822
5.52,-0.85567474,1.8186581,-5.5881543
5.53,-0.8377703,1.7618436,-5.774495
5.54,-0.8204441,1.7031684,-5.9608274
5.55,-0.8037132,1.642627,-6.147168
5.56,-0.7875978,1.5802252,-6.3335
5.57,-0.77211493,1.5159571,-6.519841
5.58,-0.7572848,1.4498286,-6.706173
5.59,-0.7431375,1.3776474,-7.8033557
5.6,-0.72977114,1.2937299,-8.980563
5.61,-0.7173022,1.1980357,-10.157825
5.62,-0.70584965,1.0905741,-11.335032
5.63,-0.69553006,0.97133476,-12.512296
5.64,-0.6864621,0.840329,-13.689503
5.65,-0.6787628,0.6975444,-14.866765
5.66,-0.67255044,0.54299456,-16.043972
5.67,-0.6679422,0.3766647,-17.221235
5.68,-0.6650563,0.19857071,-18.398441
5.69,-0.66388965,0.052865915,-8.778601
5.7,-0.6635996,0.025174769,3.2402337
5.71,-0.6629855,0.11767626,15.259642
5.72,-0.6608455,0.33036157,27.278475
5.73,-0.65597755,0.663251,39.297882
5.74,-0.6471801,1.1163127,51.31672
5.75,-0.6332504,1.6895901,63.336124
5.76,-0.61298686,2.3830643,75.35553
5.77,-0.58518887,3.1966937,87.37437
5.78,-0.548652,4.1305556,99.393776
5.79,-0.50233454,5.1189613,93.11842
5.8,-0.44671243,5.9827147,79.62831
5.81,-0.38313037,6.7115326,66.13884
5.82,-0.31293127,7.305484,52.64873
5.83,-0.23747075,7.7645125,39.159267
5.84,-0.15809062,8.088662,25.669155
5.85,-0.07614743,8.277902,12.179688
5.86,0.007017648,8.33225,-1.3104216
5.87,0.09004775,8.251699,-14.799889
5.88,0.17160176,8.036245,-28.289999
5.89,0.25032657,7.687661,-41.210026
5.9,0.3249349,7.2127204,-53.77592
5.91,0.39416224,6.6121497,-66.34122
5.92,0.45675862,5.8858914,-78.90711
5.93,0.5114615,5.0340147,-91.472404
5.94,0.55701953,4.056439,-104.0383
5.95,0.59217185,2.9532568,-116.6036
5.96,0.6156652,1.7243633,-129.1695
5.97,0.62624085,0.3698755,-141.73479
5.98,0.6226432,-1.1103357,-154.30069
5.99,0.60373676,-2.6458204,-139.56834
6.0,0.57097304,-3.839395,-99.14116
6.01,0.52829474,-4.628689,-58.713963
6.02,0.47974715,-5.0136924,-18.2887
6.03,0.4293684,-4.994443,22.138493
6.04,0.38120583,-4.5709424,62.563755
6.05,0.3392975,-3.74315,102.99095
6.06,0.30768993,-2.5111446,143.41621
6.07,0.2904229,-0.87480915,183.8434
6.08,0.29154044,1.1657007,224.26866
6.09,0.31499168,3.5426342,231.88458
6.1,0.36136422,5.667442,193.08748
6.11,0.42704806,7.4043617,154.28854
6.12,0.5081573,8.753228,115.49145
6.13,0.60081977,9.7141695,76.692505
6.14,0.7011469,10.287095,37.89541
6.15,0.80526835,10.472059,-0.9035344
6.16,0.9092946,10.269043,-39.700626
6.17,1.0093555,9.678029,-78.49957
6.18,1.1015621,8.699072,-117.29667
6.19,1.182063,7.351249,-143.85162
6.2,1.2483865,5.9142833,-143.54866
6.21,1.300358,4.480279,-143.24568
6.22,1.3380028,3.0493722,-142.94272
6.23,1.3613548,1.6214272,-142.63974
6.24,1.370442,0.19657989,-142.33678
6.25,1.3652958,-1.2253056,-142.0338
6.26,1.3459455,-2.6441612,-141.73082
6.27,1.3124235,-4.0599194,-141.42786
6.28,1.2647567,-5.4727154,-141.12488
6.29,1.2029849,-6.8753605,-134.1708
6.3,1.1280487,-8.058798,-102.511314
6.31,1.0428649,-8.9256,-70.85333
6.32,0.95059174,-9.475848,-39.193844
6.33,0.8544036,-9.709492,-7.5358634
6.34,0.7574574,-9.626551,24.123629
6.35,0.662928,-9.227035,55.78161
6.36,0.5739724,-8.510904,87.4411
6.37,0.4937649,-7.478229,119.09908
6.38,0.42546383,-6.12891,150.75858
6.39,0.37224007,-4.4667373,175.82439
6.4,0.33590195,-2.8468492,148.14584
6.41,0.31437984,-1.50381,120.468636
6.42,0.30490375,-0.4374919,92.7901
6.43,0.30470696,0.35200348,65.11289
6.44,0.31102154,0.8647514,37.434353
6.45,0.3210792,1.100703,9.75714
6.46,0.33211303,1.0598809,-17.921392
6.47,0.34135428,0.7422887,-45.598606
6.48,0.346036,0.14789638,-73.27714
6.49,0.34338996,-0.72321385,-100.44478
6.5,0.33151665,-1.6132542,-77.55922
6.51,0.31188703,-2.2744339,-54.673664
6.52,0.28679112,-2.7067373,-31.789202
6.53,0.25851503,-2.9102063,-8.9036455
6.54,0.22934991,-2.884821,13.980819
6.55,0.20158155,-2.6305792,36.866375
6.56,0.17750102,-2.147505,59.75084
6.57,0.1593946,-1.4355527,82.63639
6.58,0.14955243,-0.49478978,105.52086
6.59,0.15026216,0.67487335,128.40642
6.6,0.163232,1.8818835,109.17327
6.61,0.1871194,2.8564117,85.72791
6.62,0.21957827,3.5964513,62.28367
6.63,0.25826716,4.1020727,38.83831
6.64,0.30083796,4.373228,15.394071
6.65,0.34495023,4.4099426,-8.051288
6.66,0.3882553,4.2122135,-31.49553
6.67,0.42841277,3.7800214,-54.940887
6.68,0.46307442,3.1134079,-78.385124
6.69,0.489899,2.2123094,-101.83049
6.7,0.5068614,1.196306,-95.69909
6.71,0.51425886,0.30507568,-82.5429
6.72,0.51340187,-0.4545567,-69.38734
6.73,0.50560594,-1.0826635,-56.231148
6.74,0.49218738,-1.5791849,-43.075584
6.75,0.47446057,-1.9441681,-29.919395
6.76,0.4537417,-2.1775866,-16.763205
6.77,0.4313475,-2.2794383,-3.607641
6.78,0.40859148,-2.249733,9.54855
6.79,0.38679138,-2.0884736,22.704113
6.8,0.36707908,-1.8727049,14.063914
6.81,0.34876117,-1.8204129,-3.6052492
6.82,0.33008185,-1.9448183,-21.275255
6.83,0.30927595,-2.2459092,-38.94442
6.84,0.28457454,-2.7237144,-56.61442
6.85,0.254213,-3.3781881,-74.283585
6.86,0.2164215,-4.209393,-91.95359
6.87,0.16943668,-5.21725,-109.62276
6.88,0.11148709,-6.4018545,-127.29276
6.89,0.04081134,-7.763094,-144.96193
6.9,-0.044118356,-9.179348,-122.45491
6.91,-0.1412217,-10.160771,-73.83468
6.92,-0.24571323,-10.656017,-25.212124
6.93,-0.352721,-10.665037,23.408108
6.94,-0.45739296,-10.187832,72.03066
6.95,-0.5548571,-9.224448,120.650894
6.96,-0.64026046,-7.7747936,169.27345
6.97,-0.7087329,-5.839006,217.89368
6.98,-0.7554187,-3.4169009,266.51624
6.99,-0.7754514,-0.50870943,315.13647
7.0,-0.7641842,2.7590132,313.5333
7.01,-0.7217632,5.640279,262.70667
7.02,-0.65307415,8.013165,211.88248
7.03,-0.5631932,9.8779,161.05585
7.04,-0.4572113,11.234304,110.23164
7.05,-0.340201,12.082507,59.405014
7.06,-0.21725585,12.422427,8.58081
7.07,-0.09344682,12.254099,-42.24582
7.08,0.026131913,11.577536,-93.07002
7.09,0.13640906,10.392675,-143.89665
7.1,0.23235376,8.745685,-171.92319
7.11,0.3113094,7.054415,-166.32298
7.12,0.3736294,5.4192257,-160.72305
7.13,0.4198797,3.83996,-155.12283
7.14,0.4506159,2.3167691,-149.5229
7.15,0.466401,0.8495075,-143.9227
7.16,0.4677934,-0.5616848,-138.32275
7.17,0.45535332,-1.9169422,-132.72255
7.18,0.4296419,-3.216136,-127.12261
7.19,0.39121673,-4.459389,-121.5224
7.2,0.34065527,-5.632913,-106.898926
7.21,0.27956936,-6.5250206,-71.518486
7.22,0.21133463,-7.063298,-36.13974
7.23,0.13948266,-7.247798,-0.7593023
7.24,0.06755814,-7.078501,34.619446
7.25,-0.00090774364,-6.5553927,69.999886
7.26,-0.062373314,-5.6784716,105.38032
7.27,-0.11329825,-4.447805,140.75906
7.28,-0.15014935,-2.863276,176.13951
7.29,-0.16938524,-0.92503524,211.51825
7.3,-0.1674787,1.353749,233.68051
7.31,-0.1427588,3.5402827,203.63708
7.32,-0.09767361,5.426472,173.59221
7.33,-0.035231747,7.012138,143.54878
7.34,0.041568235,8.297431,113.503914
7.35,0.1297147,9.282228,83.46049
7.36,0.22621156,9.966625,53.41562
7.37,0.32804528,10.350554,23.372187
7.38,0.43222108,10.434053,-6.6726794
7.39,0.5357247,10.217115,-36.716114
7.4,0.6355615,9.6997175,-66.76098
7.41,0.72871774,8.881911,-96.80441
7.42,0.8121977,7.763617,-126.84927
7.43,0.88298905,6.3449426,-156.89272
7.44,0.9380942,4.6257515,-186.93758
7.45,0.97450346,2.6062088,-216.981
7.46,0.9892158,0.2861213,-247.02588
7.47,0.9792256,-2.3342896,-277.0693
7.48,0.94152725,-5.255274,-307.11417
7.49,0.8731202,-8.476553,-337.1576
7.5,0.7709933,-11.998434,-367.20245
